.,.,.
Bella,253,1
Charlie,200,2
Max,197,3
Lucy,190,4
Daisy,166,5
Buddy,152,6
Sadie,151,7
Molly,149,8
Bailey,144,9
Luna,137,10
Cooper,117,11
Maggie,115,12
Lola,100,13
Sophie,99,14
Rosie,98,15
Abby,98,15
Lily,97,17
Milo,90,18
Bear,89,19
Ruby,88,20
Duke,86,21
Chloe,85,22
Jack,83,23
Jake,82,24
Rocky,80,25
Coco,80,25
Ginger,80,25
Toby,78,28
Roxy,76,29
Willow,76,29
Stella,73,31
Pepper,73,31
Koda,73,31
Shadow,71,34
Tucker,71,34
Penny,70,36
Riley,70,36
Harley,70,36
Teddy,67,39
Zoey,65,40
Oliver,65,40
Jasper,60,42
Bentley,59,43
Zoe,58,44
Winston,57,45
Oscar,56,46
Piper,56,46
Scout,56,46
Diesel,56,46
Loki,54,50
Gracie,54,50
Lucky,54,50
Gus,54,50
Annie,52,54
Dexter,52,54
Sam,51,56
Marley,51,56
Murphy,50,58
Louie,49,59
Emma,48,60
Kona,48,60
Sasha,47,62
Henry,47,62
Zeus,47,62
Finn,46,65
Bandit,46,65
Leo,45,67
Lilly,45,67
Lady,45,67
Lulu,44,70
Ellie,43,71
Mia,42,72
Baxter,42,72
Jackson,41,74
Kenai,41,74
Olive,39,76
Joey,39,76
Buster,39,76
Hunter,38,79
Otis,38,79
Denali,38,79
Jax,38,79
Hazel,37,83
Frankie,37,83
Angel,35,85
Dakota,34,86
Ella,33,87
Moose,33,87
Blue,33,87
Ollie,32,90
Nala,32,90
Maya,31,92
Lexi,31,92
Minnie,31,92
Cody,31,92
Katie,31,92
Ranger,31,92
Callie,30,98
Rusty,30,98
Titan,30,98
Sammy,30,98
Angus,30,98
Beau,29,103
Athena,29,103
Sugar,29,103
Luke,29,103
Thor,29,103
Skye,28,108
Phoebe,28,108
Belle,28,108
Chewy,28,108
Tank,28,108
Ziggy,27,113
Izzy,27,113
Missy,27,113
Gizmo,27,113
Chance,27,113
Honey,27,113
Misty,26,119
Oreo,26,119
Bruno,26,119
Cassie,25,122
Roscoe,25,122
Mickey,25,122
Chico,25,122
Maddie,24,126
Princess,24,126
Boo,24,126
Juno,24,126
Nina,24,126
Tyson,24,126
Millie,24,126
Rex,24,126
Poppy,24,126
Rufus,23,135
Peanut,23,135
Ben,23,135
Sunny,23,135
Bo,23,135
Ace,23,135
Taz,23,135
Benny,23,135
Nova,23,135
Archie,23,135
Holly,23,135
Cookie,23,135
Shelby,22,147
George,22,147
Casey,22,147
Copper,22,147
Boomer,21,151
Dixie,21,151
Echo,21,151
Spike,21,151
Layla,21,151
Chester,21,151
Rocco,21,151
Brutus,21,151
Sandy,20,159
Winnie,20,159
Romeo,20,159
Oakley,20,159
Sparky,20,159
Josie,20,159
Hugo,19,165
Pearl,19,165
Roxie,19,165
Hank,19,165
Prince,19,165
Maverick,19,165
Kai,19,165
Dozer,19,165
Nellie,19,165
Banjo,18,174
Logan,18,174
Rudy,18,174
Panda,18,174
Stanley,18,174
Gunner,18,174
Sydney,18,174
Odin,18,174
Cocoa,18,174
Bruce,18,174
Ripley,18,174
Apollo,17,185
Finnegan,17,185
Remy,17,185
Kobe,17,185
Cosmo,17,185
Sally,17,185
Cleo,17,185
Eddie,17,185
Walter,17,185
Mila,17,185
Hannah,17,185
Macy,17,185
Smokey,17,185
Timber,17,185
Roo,17,185
Mojo,16,200
Penelope,16,200
Harry,16,200
Homer,16,200
Mishka,16,200
Tilly,16,200
Jasmine,16,200
Mac,16,200
Bubba,16,200
Otto,16,200
Jazz,16,200
Brody,16,200
Ozzy,16,200
Scooter,16,200
Baby,16,200
Benji,16,200
Dusty,16,200
Karma,16,200
Odie,16,200
Moxie,15,219
Reggie,15,219
Lila,15,219
Ivy,15,219
Watson,15,219
Remi,15,219
Kiki,15,219
Mocha,15,219
Gigi,15,219
Tonka,15,219
Scrappy,15,219
Kira,15,219
Zorro,15,219
Maximus,14,232
Xena,14,232
Porter,14,232
Maisy,14,232
Ryder,14,232
Finley,14,232
Kaya,14,232
Bernie,14,232
Zeke,14,232
Sky,14,232
Rosco,14,232
Arlo,14,232
Charley,14,232
Monty,14,232
Simba,14,232
Tessa,14,232
Dallas,14,232
Brady,14,232
Brandy,14,232
Nikki,14,232
Elsa,13,252
Summer,13,252
Trixie,13,252
Yuki,13,252
Axel,13,252
Jessie,13,252
Madison,13,252
Darwin,13,252
Dora,13,252
Georgia,13,252
Freya,13,252
Rio,13,252
King,13,252
Diego,13,252
Allie,13,252
Miley,13,252
Rascal,13,252
Sassy,13,252
Trooper,12,270
Bonnie,12,270
Samson,12,270
Biscuit,12,270
Bosco,12,270
Fred,12,270
Duncan,12,270
Wally,12,270
Dash,12,270
Chica,12,270
Yoda,12,270
Maddy,12,270
Barney,12,270
Shiloh,12,270
Snickers,12,270
Heidi,12,270
Kaiser,12,270
Percy,12,270
Hudson,12,270
Harvey,12,270
Enzo,12,270
Tia,12,270
Snoopy,12,270
Lincoln,12,270
Diamond,12,270
Hope,12,270
Simon,12,270
Chevy,12,270
Sheba,12,270
Cash,12,270
Pippa,12,270
Ziva,12,270
Isabella,12,270
Indy,12,270
Betty,12,270
Storm,12,270
Franklin,11,306
Midnight,11,306
Fergus,11,306
Arya,11,306
Blaze,11,306
Fiona,11,306
Luka,11,306
Grace,11,306
Barkley,11,306
Alice,11,306
Mango,11,306
Charlotte,11,306
Joe,11,306
Niko,11,306
Remington,11,306
Ali,11,306
Ember,11,306
Violet,11,306
Titus,11,306
Rose,11,306
Kayla,11,306
Griffin,11,306
Sage,11,306
Samantha,11,306
Wilson,11,306
Onyx,11,306
Maui,11,306
Ozzie,11,306
Leia,11,306
Parker,10,335
Taco,10,335
Maple,10,335
Baloo,10,335
Louis,10,335
Obi,10,335
Quinn,10,335
Clover,10,335
Fenway,10,335
Isis,10,335
Morgan,10,335
Casper,10,335
Tess,10,335
Tinkerbell,10,335
Bob,10,335
Boots,10,335
Dutch,10,335
Tiger,10,335
Barley,10,335
Tasha,10,335
Spencer,10,335
Scooby,10,335
Ajax,10,335
Junior,10,335
Rowdy,10,335
Petey,10,335
Cricket,10,335
Coal,10,335
Rico,10,335
Bowser,10,335
Sampson,10,335
Bolt,10,335
Dolly,9,367
Delilah,9,367
Willie,9,367
Star,9,367
Chip,9,367
Polly,9,367
June,9,367
Dodger,9,367
Dante,9,367
Colby,9,367
Tito,9,367
Brownie,9,367
Bodhi,9,367
Misha,9,367
Atlas,9,367
Scruffy,9,367
Jersey,9,367
Freddie,9,367
Daphne,9,367
Sully,9,367
Theo,9,367
Rocket,9,367
Snow,9,367
Mika,9,367
Zelda,9,367
Eva,9,367
Astro,9,367
Becky,9,367
Jesse,9,367
Red,9,367
Cinnamon,9,367
Maisie,9,367
Kaylee,9,367
Angie,9,367
Django,9,367
Autumn,9,367
Kali,9,367
Patch,9,367
Sweetie,8,405
Sonny,8,405
Nemo,8,405
Nico,8,405
Neo,8,405
Miles,8,405
Pebbles,8,405
Ringo,8,405
Lexie,8,405
Paco,8,405
Bingo,8,405
Puck,8,405
Isabelle,8,405
Sebastian,8,405
Skippy,8,405
Bodie,8,405
Kane,8,405
Hero,8,405
Alex,8,405
Jackie,8,405
Gertie,8,405
Reese,8,405
Mikey,8,405
Stitch,8,405
Addie,8,405
Tesla,8,405
Kate,8,405
Andy,8,405
Sophia,8,405
Gypsy,8,405
Ava,8,405
Maxwell,8,405
Jojo,8,405
Patches,8,405
Thunder,8,405
Major,8,405
Happy,8,405
Elvis,8,405
Jaxx,8,405
Matilda,8,405
Norman,8,405
Levi,8,405
Kody,8,405
Jethro,8,405
Paisley,8,405
Shasta,7,450
Iggy,7,450
Georgie,7,450
Susie,7,450
Sierra,7,450
Ricky,7,450
Winter,7,450
Jerry,7,450
Champ,7,450
Mandy,7,450
Eve,7,450
Anna,7,450
Bristol,7,450
Milly,7,450
Phoenix,7,450
Kenzie,7,450
Nacho,7,450
Kuma,7,450
Indie,7,450
Pickles,7,450
Theodore,7,450
Chai,7,450
Zena,7,450
Emmett,7,450
Rogue,7,450
Hailey,7,450
Guinness,7,450
Buck,7,450
Carlos,7,450
Leila,7,450
Nero,7,450
Dino,7,450
Fluffy,7,450
Pixel,7,450
Robbie,7,450
Keta,7,450
Leroy,7,450
Cora,7,450
Russell,7,450
Mack,7,450
Bree,7,450
Rebel,7,450
Tula,7,450
Dobby,7,450
Dylan,7,450
Capone,7,450
Flash,7,450
Peaches,7,450
Eli,7,450
Drake,7,450
Mimi,7,450
Maxx,7,450
Achilles,7,450
Muffin,7,450
Hurley,7,450
Rupert,7,450
Obie,6,506
Keiko,6,506
Birdie,6,506
Austin,6,506
Sammie,6,506
Doug,6,506
Rue,6,506
Wiley,6,506
Opie,6,506
Mike,6,506
Cisco,6,506
Floyd,6,506
Mateo,6,506
Harper,6,506
Waffles,6,506
Duchess,6,506
Jezebel,6,506
Lizzy,6,506
Sequoia,6,506
Iris,6,506
Pepe,6,506
Laika,6,506
Trapper,6,506
Eloise,6,506
Nanook,6,506
Farley,6,506
Taffy,6,506
Keira,6,506
Alfie,6,506
Ghost,6,506
Ralph,6,506
Boston,6,506
Raleigh,6,506
Lou,6,506
Olivia,6,506
Auggie,6,506
Sawyer,6,506
Pete,6,506
Indigo,6,506
Abbey,6,506
Boone,6,506
Tobi,6,506
Ayla,6,506
Roy,6,506
Chewie,6,506
Jill,6,506
Tika,6,506
Zack,6,506
Spirit,6,506
Lacy,6,506
Dudley,6,506
Trudy,6,506
Pippen,6,506
Felix,6,506
Fern,6,506
Rigby,6,506
Domino,6,506
Moe,6,506
Cinder,6,506
Willy,6,506
Seamus,6,506
Lucas,6,506
Spot,6,506
Monkey,6,506
Tommy,5,570
Bowie,5,570
Mochi,5,570
Clyde,5,570
Moses,5,570
Mae,5,570
Eleanor,5,570
Atom,5,570
Nora,5,570
Snowball,5,570
Clementine,5,570
Linus,5,570
Pedro,5,570
Dingo,5,570
Jj,5,570
Queen,5,570
Bubbles,5,570
Oso,5,570
Hanna,5,570
Pluto,5,570
Woody,5,570
Dewey,5,570
Atticus,5,570
Sherlock,5,570
Tikaani,5,570
Stewie,5,570
Fidel,5,570
Pilot,5,570
Wesley,5,570
Yoshi,5,570
Buffy,5,570
Marty,5,570
William,5,570
Marcus,5,570
Ally,5,570
Huck,5,570
Bug,5,570
Argos,5,570
Spice,5,570
Toto,5,570
Blackie,5,570
Brooklyn,5,570
Skylar,5,570
Adelaide,5,570
Hawkeye,5,570
Wyatt,5,570
Keeper,5,570
Rita,5,570
Moby,5,570
Bronson,5,570
Yogi,5,570
Annabelle,5,570
Sookie,5,570
Humphrey,5,570
Portia,5,570
Skipper,5,570
Candy,5,570
Lizzie,5,570
Calypso,5,570
Snowy,5,570
Frida,5,570
Jemma,5,570
Beamer,5,570
Nelly,5,570
Tinker,5,570
Merlin,5,570
Dj,5,570
Nutmeg,5,570
Alexis,5,570
Scarlet,5,570
Boss,5,570
Amy,5,570
Pumpkin,5,570
Baylee,5,570
Buddha,5,570
Lupin,5,570
Basil,5,570
Rudi,5,570
Taylor,5,570
Julie,5,570
Bobo,5,570
Evie,5,570
Josephine,5,570
Arthur,5,570
Freddy,5,570
Audrey,5,570
Ryker,5,570
Bindi,5,570
Betsy,5,570
Chewbacca,5,570
Ash,5,570
Sirius,5,570
Maizie,5,570
Tanner,5,570
Jetta,5,570
Vinnie,5,570
Skeeter,5,570
Bertie,5,570
Noah,5,570
Kipper,5,570
Solo,5,570
Ginny,5,570
Merry,5,570
Gidget,5,570
Quincy,5,570
Mary jane,5,570
Dottie,4,676
Jango,4,676
Polo,4,676
Kelly,4,676
Buttercup,4,676
Flower,4,676
Bridget,4,676
Rory,4,676
Cheyenne,4,676
Cassidy,4,676
Gimli,4,676
Cobalt,4,676
Lucca,4,676
Tashi,4,676
Penny lane,4,676
Halle,4,676
Mookie,4,676
Pippin,4,676
Luigi,4,676
Francis,4,676
Gibson,4,676
Hana,4,676
Starbuck,4,676
Dot,4,676
Sammi,4,676
Kevin,4,676
Pippi,4,676
Maria,4,676
Riggins,4,676
Tiny,4,676
Kovu,4,676
Lara,4,676
Hendrix,4,676
Huckleberry,4,676
Desi,4,676
Clark,4,676
Captain,4,676
Lupa,4,676
Sofie,4,676
Truffle,4,676
Sheldon,4,676
Leah,4,676
Skyler,4,676
Magic,4,676
Blu,4,676
Luci,4,676
Bj,4,676
Judy,4,676
Sheila,4,676
Beans,4,676
Hamish,4,676
Dinah,4,676
Ruckus,4,676
Pepsi,4,676
Leon,4,676
Zero,4,676
Willoughby,4,676
Lilo,4,676
Faith,4,676
Abe,4,676
Timmy,4,676
Tiki,4,676
Shaggy,4,676
Bee,4,676
Kato,4,676
Rolly,4,676
Rock,4,676
Wiggles,4,676
Harrison,4,676
Thomas,4,676
Tj,4,676
Kelsey,4,676
Blitz,4,676
Shayla,4,676
Grizz,4,676
Tonks,4,676
Delta,4,676
Ike,4,676
Bently,4,676
Chili,4,676
Jelly bean,4,676
Maxine,4,676
Mali,4,676
Luca,4,676
Mini,4,676
Xander,4,676
Kiley,4,676
Kyla,4,676
Rocko,4,676
Bosley,4,676
Sylvie,4,676
Hobbes,4,676
Greta,4,676
Dillon,4,676
Pi,4,676
Owen,4,676
Olie,4,676
Tango,4,676
Cindy,4,676
Ronnie,4,676
Kiko,4,676
Bennie,4,676
Pancho,4,676
Einstein,4,676
Tulip,4,676
Jagger,4,676
Kyra,4,676
Tillie,4,676
Oli,4,676
Cola,4,676
Pookie,4,676
Bugsy,4,676
Macie,4,676
Rosey,4,676
Ceasar,4,676
Sofia,4,676
Kodie,4,676
Clifford,4,676
Blanca,4,676
Buckley,4,676
Megan,4,676
Queenie,4,676
Shady,4,676
Bucky,4,676
Izzie,4,676
Bogey,4,676
Shelly,4,676
Niki,4,676
Lupo,4,676
Goliath,4,676
Elly,4,676
Tobias,4,676
Otter,4,676
Mackenzie,4,676
Busy,3,810
C.j.,3,810
Mica,3,810
Smoky,3,810
Deacon,3,810
Esme,3,810
Yumi,3,810
Ruthie,3,810
Isabel,3,810
Myles,3,810
Keeva,3,810
Aki,3,810
Kima,3,810
Wallace,3,810
Jules,3,810
Smudge,3,810
Roux,3,810
Kit,3,810
Rondo,3,810
Lotus,3,810
Augustus,3,810
Lyra,3,810
Sparkle,3,810
Venus,3,810
Pancake,3,810
Berkeley,3,810
Amigo,3,810
Agnes,3,810
Beatrice,3,810
Ursa,3,810
Hallie,3,810
Skittles,3,810
Julius,3,810
Pip,3,810
Murray,3,810
Russel,3,810
Momo,3,810
Elmo,3,810
Carson,3,810
Gunther,3,810
Sooke,3,810
Thea,3,810
Baci,3,810
Nola,3,810
Peso,3,810
Chauncey,3,810
Duffy,3,810
Cassius,3,810
Dublin,3,810
Leonard,3,810
Billie,3,810
Ray,3,810
Saffron,3,810
Moka,3,810
Raja,3,810
Dee,3,810
Manny,3,810
Kepler,3,810
Mako,3,810
Dipper,3,810
Sailor,3,810
Brewster,3,810
Whimsy,3,810
Bessie,3,810
Maggie mae,3,810
Rennie,3,810
Keisha,3,810
Nikko,3,810
Milou,3,810
Derby,3,810
Lewis,3,810
Zephyr,3,810
Munchkin,3,810
Zeek,3,810
Blanco,3,810
Gumbo,3,810
Micky,3,810
Haku,3,810
Jarvis,3,810
Jay,3,810
Kingsley,3,810
Bogie,3,810
Kanga,3,810
Tuck,3,810
Lance,3,810
Bronx,3,810
Waldo,3,810
Azula,3,810
Ferdinand,3,810
Sofi,3,810
Zuzu,3,810
Bambi,3,810
Dali,3,810
Pickle,3,810
K.c.,3,810
Gatsby,3,810
Dazzle,3,810
Booboo,3,810
Zane,3,810
Tootsie,3,810
Clara,3,810
Roxxy,3,810
Johnny,3,810
Indi,3,810
Noodle,3,810
Ellie mae,3,810
Roxanne,3,810
Sisu,3,810
Blake,3,810
Flapjack,3,810
Woodrow,3,810
Scamp,3,810
Bill,3,810
Silas,3,810
Goofy,3,810
Dempsey,3,810
Pita,3,810
June bug,3,810
Rey,3,810
Triscuit,3,810
Honey bear,3,810
Lula,3,810
Bonita,3,810
Lea,3,810
Ada,3,810
Coby,3,810
Bradley,3,810
Gauge,3,810
Carlo,3,810
Kirby,3,810
Harriet,3,810
Mazy,3,810
Maia,3,810
Buca,3,810
Willa,3,810
Shea,3,810
Katy,3,810
Tequila,3,810
Maeve,3,810
Juliet,3,810
Mowgli,3,810
Tara,3,810
Auri,3,810
Bobbie,3,810
Charli,3,810
Fudge,3,810
Petra,3,810
Nash,3,810
Pika,3,810
Lydia,3,810
Sami,3,810
Biggie,3,810
Ted,3,810
Mona,3,810
Rain,3,810
Scarlett,3,810
Bode,3,810
Dori,3,810
Emmitt,3,810
Pico,3,810
Magnolia,3,810
Silver,3,810
Rylie,3,810
Khloe,3,810
Arwen,3,810
Kia,3,810
Norm,3,810
Bogart,3,810
Seven,3,810
Lou lou,3,810
Barnaby,3,810
Lex,3,810
Bridger,3,810
Jacob,3,810
Chunk,3,810
Bitsy,3,810
Nahla,3,810
Wren,3,810
Ty,3,810
Turner,3,810
Lucia,3,810
Peyton,3,810
Lacie,3,810
Nena,3,810
Savannah,3,810
Darby,3,810
Arrow,2,996
Emmy,2,996
Bohdi,2,996
Nino,2,996
Spenser,2,996
Anubis,2,996
Cadence,2,996
Thelma,2,996
Cannoli,2,996
Sona,2,996
Gussy,2,996
Calliope,2,996
Lani,2,996
Marlowe,2,996
Etta,2,996
Beba,2,996
Dreamer,2,996
Rojo,2,996
Santana,2,996
Rivet,2,996
Schnapps,2,996
Tyler,2,996
Ed,2,996
Golden,2,996
Kora,2,996
Emerson,2,996
Mo,2,996
Nuala,2,996
Geyser,2,996
Winny,2,996
Orange,2,996
Jolene,2,996
Serafina,2,996
Connie,2,996
Blackberry,2,996
Wingnut,2,996
Pica,2,996
Kaalu,2,996
Geno,2,996
Zulu,2,996
Proton,2,996
Wanda,2,996
Georgette,2,996
Tala,2,996
Albert,2,996
Dahlia,2,996
Blackjack,2,996
Poky,2,996
Luc,2,996
Sweet dill pickle,2,996
Mimsy,2,996
Heather,2,996
Petula,2,996
Rori,2,996
Maki,2,996
Behr,2,996
Travis,2,996
Kuro,2,996
Webster,2,996
Tazo,2,996
Kayley,2,996
Matisse,2,996
Caico,2,996
Andre,2,996
Kendall,2,996
Mulder,2,996
Dandelion,2,996
Ramsey,2,996
Giles,2,996
Stuart little,2,996
Foster,2,996
Oz,2,996
Gnocchi,2,996
Pumba,2,996
Beasley,2,996
Murdoch,2,996
Ripple,2,996
Kerry,2,996
Sachi,2,996
Tycho,2,996
Jordy,2,996
Marti,2,996
Thatcher,2,996
Chowder,2,996
Macallan,2,996
Cato,2,996
Gio,2,996
Topaz,2,996
Haplo,2,996
Bebe,2,996
Tony,2,996
Keena,2,996
Irving,2,996
Toulouse,2,996
Zilla,2,996
Keeba,2,996
Genghis,2,996
Chaz,2,996
Buoy,2,996
Ryley,2,996
Hamlet,2,996
Kenobi,2,996
Biko,2,996
Dale,2,996
Hans,2,996
Bea,2,996
Chuy,2,996
Norbert,2,996
Emmet,2,996
Isadora,2,996
Dwight,2,996
Mars,2,996
Ebi,2,996
Zita,2,996
Phil,2,996
Kinsey,2,996
Alli,2,996
Rosebud,2,996
Dean,2,996
Dorothy,2,996
Strider,2,996
Gilbert,2,996
Paddington,2,996
Bunker,2,996
Canela,2,996
Haley,2,996
Tulla,2,996
Coco chanel,2,996
Pookah,2,996
Cherokee,2,996
Sounder,2,996
Rosita,2,996
Reeses,2,996
Shyla,2,996
Doja,2,996
Toki,2,996
Leopold,2,996
Pogo,2,996
Nori,2,996
Zooey,2,996
Yum yum,2,996
Fox,2,996
Fenris,2,996
Osa,2,996
Fitzgerald,2,996
Roni,2,996
Dasher,2,996
Sadie mae,2,996
Apu,2,996
Beemo,2,996
Nalah,2,996
Raisin,2,996
G.g.,2,996
Kibo,2,996
Spotty,2,996
Poe,2,996
Charles,2,996
Mousse,2,996
Cupid,2,996
Beckett,2,996
Tennessee,2,996
Scarlette,2,996
Bert,2,996
Kipling,2,996
Romo,2,996
Ryoma,2,996
Fanny,2,996
Knightley,2,996
Pork chop,2,996
Jens,2,996
Skip,2,996
Pistol,2,996
Bishop,2,996
Shaka,2,996
Wylie,2,996
Rumble,2,996
Carley,2,996
Taj,2,996
Cloey,2,996
Lego,2,996
Santiago,2,996
Naina,2,996
Beatrix,2,996
Zipper,2,996
Puffin,2,996
Lemon,2,996
Elke,2,996
Benson,2,996
Chorizo,2,996
Monk,2,996
Hapi,2,996
Pugsy,2,996
Jonathan,2,996
Nuggett,2,996
Leonardo,2,996
Ariel,2,996
Flora,2,996
Hibou,2,996
Bernadette,2,996
Tuxedo,2,996
Hennessy,2,996
Kylie,2,996
Shanti,2,996
Augie,2,996
Grady,2,996
Mikko,2,996
Digby,2,996
Haze,2,996
Gracie irene,2,996
Royal,2,996
Shawna,2,996
Laila,2,996
Agatha,2,996
Hitch,2,996
Trevor,2,996
Roan,2,996
Sancho,2,996
Cloe,2,996
Sophi,2,996
Galaxy,2,996
Frannie,2,996
Sonnie,2,996
Flame,2,996
Bonzai,2,996
Dapper,2,996
Nicholas,2,996
Naya,2,996
None,2,996
Marker,2,996
Mia wallace,2,996
Wendell,2,996
Lars,2,996
Berry,2,996
Cici,2,996
Taji,2,996
Ruca,2,996
Scratch,2,996
Tiberius,2,996
Latte,2,996
Nestle,2,996
Little guy,2,996
Ralphie,2,996
Zuri,2,996
Riker,2,996
Lando,2,996
Nara,2,996
Boo boo,2,996
Pierre,2,996
Willis,2,996
Quill,2,996
Mischa,2,996
Isaac,2,996
Dezi,2,996
Davey,2,996
Sheena,2,996
Schooner,2,996
Lucie,2,996
Navi,2,996
Puddles,2,996
Alf,2,996
Zorba,2,996
Boba,2,996
Kafka,2,996
Flag,2,996
Zuko,2,996
Howard,2,996
Truman,2,996
Ron,2,996
Bianca,2,996
Tak tak,2,996
Gromit,2,996
Gil,2,996
Porkchop,2,996
Knox,2,996
Rhodie,2,996
Sinjin,2,996
Patrick,2,996
Saki,2,996
Kiara,2,996
Ira,2,996
Lobito,2,996
Shawn,2,996
Amos,2,996
Omar,2,996
Chachi,2,996
Shirley,2,996
Bodi,2,996
Windsor,2,996
Darcy,2,996
Carmello,2,996
Mitzie,2,996
Shakira,2,996
Scamper,2,996
Chucho,2,996
Jolie,2,996
Vivian,2,996
Chi chi,2,996
Rafiki,2,996
Butters,2,996
Manu,2,996
Maeby,2,996
Bugs,2,996
Mackie,2,996
Mel,2,996
Teeko,2,996
Whitney,2,996
Philo,2,996
Kisha,2,996
Nicky,2,996
Emmylou,2,996
Mara,2,996
Franny,2,996
Rizzo,2,996
Mora,2,996
Tip,2,996
Chunky,2,996
Maggie moo,2,996
Louise,2,996
Islay,2,996
Muppet,2,996
Bijou,2,996
Gadget,2,996
Wendy,2,996
Chiquita,2,996
Chi,2,996
Tatiana,2,996
Corey,2,996
Vigo,2,996
Spanky,2,996
Jupiter,2,996
Alexander,2,996
Choco,2,996
Pongo,2,996
Gordo,2,996
Moab,2,996
Roland,2,996
Cello,2,996
Poona,1,1333
Pappu,1,1333
Bess,1,1333
Ness,1,1333
Frida marcantonio,1,1333
Hedy bouquet,1,1333
Little juda,1,1333
Duro,1,1333
Nany,1,1333
Lorelei,1,1333
Peetsie,1,1333
Stasi,1,1333
Fyodor,1,1333
Chica maria,1,1333
Gloria,1,1333
Albee,1,1333
Tucker worth,1,1333
Sukey,1,1333
Maggie rose,1,1333
Lil bit,1,1333
Dharmaja,1,1333
Doobs,1,1333
Meli,1,1333
Riven,1,1333
Lillie,1,1333
Mr. gus,1,1333
Niche,1,1333
Widget,1,1333
Penzey,1,1333
Tomato,1,1333
Pastis,1,1333
Lilly messina,1,1333
Caliban,1,1333
Gummi bear,1,1333
Lulah,1,1333
Bodo,1,1333
Willie lizzie,1,1333
Twyla,1,1333
Hilo,1,1333
Lani kai,1,1333
Tjapo,1,1333
Henderson,1,1333
Charlie blonde,1,1333
Leelu,1,1333
Mister bear,1,1333
Artimiss,1,1333
Puffy,1,1333
Benyo,1,1333
Bay,1,1333
Mulligan,1,1333
Cleve,1,1333
Nessy,1,1333
Burdick,1,1333
Tui,1,1333
Laverne,1,1333
Brillo,1,1333
Souki,1,1333
Beezus,1,1333
Mohican madison,1,1333
Edie,1,1333
Minga,1,1333
Anzu,1,1333
Lallygag,1,1333
Lainey,1,1333
Kramer,1,1333
Nonnie,1,1333
Avett,1,1333
Phatty,1,1333
Odette,1,1333
Maybel,1,1333
Bonnie killeen,1,1333
Garbanzo,1,1333
Bellman ford,1,1333
S.k.,1,1333
Hopi,1,1333
Henry zoltani,1,1333
Duango,1,1333
Celeste,1,1333
Brown boy,1,1333
Pascal,1,1333
Ayanna,1,1333
Oban,1,1333
Race,1,1333
Tatum,1,1333
Merle dutch,1,1333
Saint,1,1333
Boudica,1,1333
Bernie mcdonough,1,1333
Santiago vargas sosa,1,1333
Tatanka,1,1333
Sydney salguero,1,1333
Brenna,1,1333
R2d2,1,1333
Nougat,1,1333
Alby,1,1333
Brumby,1,1333
Acadia,1,1333
Severus snape,1,1333
Finola,1,1333
Armstrong,1,1333
Egypt,1,1333
Wun wun,1,1333
Stewart,1,1333
Paige,1,1333
Fusilli,1,1333
Parallel park,1,1333
Flair,1,1333
Easy,1,1333
Maude,1,1333
Emily claire,1,1333
Velo,1,1333
Koosa,1,1333
Reuben,1,1333
Bayles,1,1333
Tori faye,1,1333
Mr. darcy,1,1333
Nomi,1,1333
Inky 2,1,1333
Mojo jojo,1,1333
Pnutt,1,1333
Roscoe klein,1,1333
Clem,1,1333
Betty white-paws (betty),1,1333
Amie,1,1333
Marfa,1,1333
Biscuit grape juice,1,1333
Mingus,1,1333
Boof,1,1333
Tippi,1,1333
Krumpet,1,1333
Moty,1,1333
Lil bear,1,1333
Fredi,1,1333
Nomad,1,1333
Siren,1,1333
Baxter (bagle),1,1333
Zuni bear,1,1333
Mooqa,1,1333
Dior,1,1333
Copernico,1,1333
Twizzly,1,1333
Miss elliott,1,1333
Orsin riley,1,1333
Sumo,1,1333
Stella kerr,1,1333
Shefa,1,1333
Rhubarb louise tice,1,1333
Raksha,1,1333
Dolce lee,1,1333
Beau kirpalani,1,1333
Seby,1,1333
Mcafee,1,1333
Wink,1,1333
Bruiser,1,1333
Xiaoto,1,1333
Sal,1,1333
Bubba arthur,1,1333
Thistle,1,1333
Aka,1,1333
Kami,1,1333
Choloe,1,1333
Peipei,1,1333
Mercury,1,1333
Fizzing whizbee,1,1333
Waffle,1,1333
Bubak,1,1333
Trust,1,1333
Kako,1,1333
Conrad,1,1333
Romper,1,1333
Tumble,1,1333
Liebchen,1,1333
Sugar pie,1,1333
Osiris,1,1333
Mr. murphy,1,1333
Popcorn,1,1333
Mr. calvin fluffington,1,1333
Perseus,1,1333
Orbit,1,1333
Custos,1,1333
Vayu,1,1333
Meemee,1,1333
Bumper,1,1333
Rider,1,1333
Mil??©Œ,1,1333
Honey lemon,1,1333
Goya,1,1333
Lettie,1,1333
Ali mae,1,1333
Noro,1,1333
Ayler,1,1333
Rhiannon,1,1333
Perle,1,1333
Dogbeth,1,1333
Raegan,1,1333
Ewok kelebek,1,1333
Cauchy,1,1333
Purple rainey,1,1333
Gila,1,1333
Missey beans,1,1333
Wynne,1,1333
Lukla,1,1333
Garland,1,1333
Kiyala,1,1333
Sibley,1,1333
Russet,1,1333
Pudding,1,1333
Della wartak,1,1333
Bard,1,1333
Tamarin,1,1333
Taza,1,1333
Jindori,1,1333
Boysie,1,1333
Bow,1,1333
Rutabaga,1,1333
Ramses,1,1333
Alba,1,1333
Raylan,1,1333
Zenite,1,1333
Jaya,1,1333
Daisa,1,1333
Mime,1,1333
Captin,1,1333
Margaret,1,1333
Mico,1,1333
Oscar madison,1,1333
Ione,1,1333
Oshi,1,1333
Enkidu,1,1333
Doctor,1,1333
Coriander,1,1333
Clancy,1,1333
Tosha,1,1333
Muffala,1,1333
"Yossarian "" yo- yo""",1,1333
Kuki,1,1333
Zoetis,1,1333
Dynasty,1,1333
Zapata,1,1333
Carlisle,1,1333
Vinny,1,1333
Gracie krum,1,1333
Boss dog,1,1333
Buckle,1,1333
Jobe,1,1333
Lucy niles-rich,1,1333
Gryphon,1,1333
Jimmer,1,1333
Dagwood,1,1333
Marina mirabal,1,1333
Marlie,1,1333
Buda,1,1333
Misty joe,1,1333
Mehitabel,1,1333
Baby renta,1,1333
Casi,1,1333
Margot,1,1333
Ruffles,1,1333
Bravos,1,1333
Muneca,1,1333
Orville,1,1333
Orenda,1,1333
Bunny,1,1333
Joldosh,1,1333
Kid,1,1333
Baby horace,1,1333
Ala,1,1333
Merry mags,1,1333
Gram,1,1333
Beethoven,1,1333
Faris,1,1333
Chaps,1,1333
Nenya,1,1333
Nien,1,1333
Pollo,1,1333
Katrina,1,1333
O.j.,1,1333
Zinnia,1,1333
Apache,1,1333
Compass,1,1333
Casca,1,1333
P.j.,1,1333
Di,1,1333
Waiola,1,1333
Kylo,1,1333
Marla,1,1333
Tobe,1,1333
Pasha,1,1333
Pooh bear,1,1333
Rohan,1,1333
Koki,1,1333
Rowna,1,1333
Churi,1,1333
Vicky ii,1,1333
Presh,1,1333
Kate lola,1,1333
Henry barman,1,1333
Yankee,1,1333
Truman capote,1,1333
Eudora,1,1333
Guava,1,1333
Ruth,1,1333
Guinness wildman,1,1333
Umi,1,1333
Edward g.,1,1333
Tyger,1,1333
Eleanor rigby,1,1333
Ramsay,1,1333
Turquoise,1,1333
Moja,1,1333
Iffy,1,1333
Bono,1,1333
Joshua,1,1333
Lu lu,1,1333
Subotai,1,1333
Canoli,1,1333
Wingman,1,1333
Malva,1,1333
Sanibel,1,1333
Rodeo,1,1333
Mimpsy,1,1333
Skywalker,1,1333
Kenu,1,1333
Biddie,1,1333
Starla,1,1333
Murph,1,1333
Banks,1,1333
Scarla,1,1333
Nettie,1,1333
Ophelia (opie),1,1333
Pee wee,1,1333
Tango-raffles,1,1333
Ona,1,1333
Mooni joe,1,1333
Ecto,1,1333
Whitman,1,1333
Kerrigan,1,1333
Kidja,1,1333
Banni,1,1333
Ava maria,1,1333
Tatoo,1,1333
Yuca,1,1333
Oscar mayer,1,1333
Rob,1,1333
Caleb,1,1333
Gimli hunnewell,1,1333
Fufinha,1,1333
Kumo,1,1333
Claudio,1,1333
Muddy waters,1,1333
Aegon,1,1333
Ranen,1,1333
Scrambles,1,1333
Sybil,1,1333
Nakoma,1,1333
Aubergine,1,1333
Rhedd,1,1333
Justice,1,1333
Bomi,1,1333
Ounce,1,1333
Chadwick,1,1333
Sandy mae,1,1333
Mushroom,1,1333
Bonus,1,1333
Bartok,1,1333
Madonna,1,1333
Whizzby,1,1333
Brou,1,1333
Mem,1,1333
Channing,1,1333
Tedy,1,1333
Kalua,1,1333
Zha-zha,1,1333
Joseph,1,1333
Gertrude,1,1333
Madeline,1,1333
Ivette,1,1333
Lucic,1,1333
Baldwin,1,1333
Fidelio,1,1333
Peep,1,1333
Athena wozniak,1,1333
Tigris,1,1333
Cati,1,1333
Dolma,1,1333
Festo,1,1333
Silvia,1,1333
Mcghee,1,1333
Trudo,1,1333
Weezy,1,1333
Lola jane,1,1333
Ben alan donatello,1,1333
Doodle stanley,1,1333
Saylor,1,1333
Pie,1,1333
Kiri,1,1333
Eggemoggin,1,1333
Bella pezze,1,1333
Wangchuk / chuk,1,1333
Hogan,1,1333
Macchiato,1,1333
Peacock,1,1333
Captain marvel,1,1333
Boomie,1,1333
Donovan takacs,1,1333
Akadia,1,1333
Laszlo,1,1333
Mccloud,1,1333
Addis,1,1333
Avie,1,1333
Maximo,1,1333
Mcginty,1,1333
Yoyo,1,1333
Tibby,1,1333
Matrix,1,1333
Marsh,1,1333
Shiva,1,1333
Fergal,1,1333
Pele,1,1333
Somayah,1,1333
Tejka,1,1333
Clarabelle,1,1333
Skid,1,1333
Diablo,1,1333
Cuba,1,1333
Dunkin,1,1333
Canto,1,1333
Marceous,1,1333
Kensho,1,1333
Kuno nips,1,1333
Gyoza,1,1333
Manju,1,1333
Yofi,1,1333
Will b.,1,1333
Otto tang lin,1,1333
Takibi,1,1333
Sherry,1,1333
Annika,1,1333
Beskow,1,1333
Eggo,1,1333
Muu muu,1,1333
Snowman,1,1333
Cygnet,1,1333
Ernesto,1,1333
Au lait,1,1333
Pirata,1,1333
Twig,1,1333
Nell,1,1333
Reina,1,1333
Keri,1,1333
Pine nut,1,1333
Kaia smogor,1,1333
Mase moloney,1,1333
Phryne,1,1333
Winn,1,1333
Beaucoup,1,1333
Rustie,1,1333
Lita,1,1333
Mo-jo,1,1333
Kacho,1,1333
Maciver,1,1333
Allusha,1,1333
Boswell,1,1333
Joe des chetemis,1,1333
Ecco,1,1333
Muldoon,1,1333
Sidney canela,1,1333
Benton,1,1333
Misiu,1,1333
Tuca,1,1333
Ink,1,1333
Red saenz,1,1333
Caz,1,1333
Kimmi,1,1333
Noah blue,1,1333
Glen campbell,1,1333
Dudu,1,1333
Rugby,1,1333
Lewi,1,1333
Belinda,1,1333
Jangchub,1,1333
Sahsha,1,1333
Mic,1,1333
Vita,1,1333
Curry,1,1333
Goodwin,1,1333
Astrid,1,1333
Hestia,1,1333
Samba (papaya),1,1333
Abbie tingley,1,1333
Lujah,1,1333
Raffaella,1,1333
Trotter,1,1333
Balou,1,1333
Marzipan,1,1333
Gruffydd,1,1333
Stedman,1,1333
Yetta,1,1333
Lovie,1,1333
Nera,1,1333
Davinci skizim,1,1333
Duque,1,1333
Ezra,1,1333
Ethel,1,1333
Choc,1,1333
Satch,1,1333
Bisou,1,1333
Nancy winship,1,1333
Padme amidala randolph,1,1333
Vyas,1,1333
Cecilia christina steinhardt,1,1333
Barfie,1,1333
Bru schellhorn,1,1333
Muppin,1,1333
Yaya,1,1333
Jules bhatt,1,1333
Winslow,1,1333
Baeley,1,1333
Ptarmigan,1,1333
Miski,1,1333
Figgs,1,1333
Winnaretta,1,1333
Rommel,1,1333
Annie/hildegaard,1,1333
Finnegette,1,1333
Phyn,1,1333
Jen-e,1,1333
Thomas jefferson,1,1333
Toffy,1,1333
Bassam,1,1333
Princess daisy,1,1333
Ramble,1,1333
Ainsley,1,1333
Petey pablo,1,1333
Wooster,1,1333
Alley,1,1333
Radley,1,1333
Morrison,1,1333
Scooter chernisky,1,1333
Bridge,1,1333
Anvik,1,1333
Clare,1,1333
Nan,1,1333
Val,1,1333
Sigi,1,1333
Mama,1,1333
Zets,1,1333
Amit,1,1333
Nerello,1,1333
Ender,1,1333
Zuzu warrior princess,1,1333
O'reilly,1,1333
Box,1,1333
Tea-leaf,1,1333
Tenoch,1,1333
Jimbo,1,1333
Moz warring,1,1333
Marcia,1,1333
Fanta,1,1333
Okonogi,1,1333
Missy g,1,1333
Twillie,1,1333
Chiki,1,1333
Cambridge,1,1333
Renzo,1,1333
Tosca,1,1333
Vic,1,1333
Thumbelina,1,1333
Ducky,1,1333
Miles curtis,1,1333
Eiger,1,1333
Soco,1,1333
Alyssa,1,1333
Pocky,1,1333
Timmy tango,1,1333
Sahara,1,1333
Che,1,1333
Bela,1,1333
Lua,1,1333
Seneca,1,1333
Bacca,1,1333
Cruella,1,1333
Emla,1,1333
Ana ekaterina,1,1333
Turka,1,1333
Philomena,1,1333
Mellon,1,1333
Asterix,1,1333
Knicholys,1,1333
Luibarin,1,1333
Sammy cinelli,1,1333
Bigsby,1,1333
Fado,1,1333
Kenadee,1,1333
Brenda emmons-melgar,1,1333
Tobie,1,1333
Sphinx,1,1333
May calle,1,1333
Gregor ford bacon,1,1333
Delia,1,1333
Clarice,1,1333
Thunderpaws,1,1333
Lorenzo,1,1333
Spag,1,1333
Baltie,1,1333
Chupchick,1,1333
Rosie bordone,1,1333
Rocky cheung,1,1333
Inka,1,1333
Liza iliades,1,1333
Barcley,1,1333
Mati,1,1333
Bama,1,1333
Mr. bond,1,1333
Eva buenrostro,1,1333
Chub,1,1333
Ep dick wolf,1,1333
Marble,1,1333
Sultan,1,1333
Lighting,1,1333
Revere,1,1333
Beau green,1,1333
Zazu,1,1333
Hatsy marmalade,1,1333
Dalila,1,1333
Janis,1,1333
Keyani,1,1333
Roka,1,1333
Walcott,1,1333
Chori,1,1333
Sooper dog p'boy,1,1333
Bergthor,1,1333
Siggi,1,1333
Yurei,1,1333
Cinco,1,1333
Yaman,1,1333
Lara rose,1,1333
Rigsby,1,1333
Kal-el,1,1333
Lux,1,1333
Daemon,1,1333
Milkshake,1,1333
Freya amado,1,1333
Bixby,1,1333
Buri,1,1333
Keikei,1,1333
Beagle,1,1333
Tashmoo,1,1333
Aube,1,1333
Appah,1,1333
Laddie boy,1,1333
Broja,1,1333
Chappy,1,1333
Gremlin,1,1333
Stella bella,1,1333
Nicolo,1,1333
Oki bear,1,1333
Jeremy,1,1333
Fola grall,1,1333
Bhindy,1,1333
Sheika,1,1333
Rosie (pickles),1,1333
Marta,1,1333
Tex,1,1333
Chesney,1,1333
Darla,1,1333
Vince,1,1333
Manolo,1,1333
Barnicle,1,1333
Rossborough,1,1333
Freddie goodman,1,1333
Majik,1,1333
Clea,1,1333
Humphrey pamuk,1,1333
Lupus,1,1333
Elphie,1,1333
Scottie boss,1,1333
Mellie,1,1333
Largo,1,1333
Brenda,1,1333
Siobhan,1,1333
Taxi,1,1333
Zucca,1,1333
Tigeree,1,1333
Teldra,1,1333
Tello,1,1333
Maya guidugli,1,1333
Bondi,1,1333
Nella,1,1333
Jazz dunbar,1,1333
Scrawny,1,1333
Lola estepe,1,1333
Ferro,1,1333
Rudi 3,1,1333
Sam frattini,1,1333
Phantom,1,1333
Margaret mcwiggle,1,1333
Lyanna,1,1333
Remie,1,1333
Bambu,1,1333
Priscilla,1,1333
Whitey bulger,1,1333
Map,1,1333
Dingo dogwood,1,1333
Tweed,1,1333
Ovi,1,1333
Mary 3,1,1333
Dkoda,1,1333
Gaiter,1,1333
Lexington,1,1333
Flaky,1,1333
Madox,1,1333
Millhouse bula,1,1333
Zach,1,1333
Mayble,1,1333
Pemi,1,1333
Bruin,1,1333
Horace,1,1333
Professor,1,1333
La luna,1,1333
Harck,1,1333
Stephen,1,1333
Mecho,1,1333
Stringer,1,1333
Bekka,1,1333
Gia,1,1333
Archie tyrone,1,1333
Margie,1,1333
Murdock,1,1333
Bucya,1,1333
Asoka,1,1333
Sera,1,1333
Jimi,1,1333
Poktori,1,1333
Callisto,1,1333
Fonzie,1,1333
Dalek,1,1333
Marvel,1,1333
Yoko,1,1333
Stella violet,1,1333
Khione,1,1333
Whistler,1,1333
Bise,1,1333
Tucky sue,1,1333
Mr. stubbs,1,1333
Inge,1,1333
Wes,1,1333
Chilton,1,1333
Ledger,1,1333
Cerberus,1,1333
Bustah,1,1333
Stan,1,1333
Kujo,1,1333
Fozzy,1,1333
Dodi,1,1333
Chessa,1,1333
Liny,1,1333
Remy aarfy,1,1333
Opal,1,1333
Vashti,1,1333
Google,1,1333
Harbor,1,1333
Nigel parker,1,1333
Ryan,1,1333
Clio,1,1333
Chozen-zee,1,1333
Cholula,1,1333
Maidel,1,1333
Carlton,1,1333
Amana,1,1333
Colbert,1,1333
Ticho,1,1333
Gramsci,1,1333
Ricky bobby,1,1333
Pacy,1,1333
Strauss,1,1333
Bruto,1,1333
Memi,1,1333
Pat,1,1333
Camila,1,1333
Totoro,1,1333
Bellina,1,1333
Lester,1,1333
Zenzi,1,1333
Stamford,1,1333
Sumner,1,1333
Hardy,1,1333
Magog filyurin,1,1333
Sancho panza,1,1333
Zorah,1,1333
Sputnik,1,1333
Bunk,1,1333
Possum,1,1333
Smoky joe,1,1333
Sengie,1,1333
Maud bianca,1,1333
Saga,1,1333
Primo,1,1333
Arly,1,1333
Zuke,1,1333
Scottie,1,1333
Alpine,1,1333
Youki,1,1333
Keetje,1,1333
Djuna,1,1333
Kristoff,1,1333
Showie,1,1333
Lutek,1,1333
Sinbad,1,1333
Kolohe,1,1333
Tuukka,1,1333
Easter,1,1333
Wolfie pickle,1,1333
Gilly,1,1333
Russ,1,1333
Liko,1,1333
Rajah,1,1333
Dover,1,1333
Da to,1,1333
Draper,1,1333
Treve,1,1333
Willits,1,1333
Reesie,1,1333
Beale,1,1333
Thisbe,1,1333
Gitana,1,1333
Piccolina,1,1333
Hilary,1,1333
Rusti,1,1333
Pucci,1,1333
Doogie,1,1333
Loopy,1,1333
Rekha,1,1333
Tie,1,1333
Tandy,1,1333
Vashta,1,1333
Yindi,1,1333
Aser,1,1333
Tupper,1,1333
Geeta,1,1333
Saylo,1,1333
Bion,1,1333
Love,1,1333
Odessa,1,1333
Jubilation,1,1333
Burtie,1,1333
Slurpy,1,1333
Biba,1,1333
Benzo,1,1333
The truff,1,1333
Dennis,1,1333
Flake,1,1333
Rhody,1,1333
Yodel,1,1333
Twinkie,1,1333
Walden,1,1333
Tibor,1,1333
Gronk,1,1333
Destin,1,1333
Bazel,1,1333
Rewa,1,1333
Saela,1,1333
Corliss,1,1333
Smokey joe,1,1333
Rufus depagter,1,1333
Musayk,1,1333
Crosby,1,1333
Vinny childs,1,1333
Spray,1,1333
Tesia,1,1333
Cheo,1,1333
Gustave,1,1333
Arianna,1,1333
Hancock,1,1333
Alaska,1,1333
Tipu sultan,1,1333
Piccadilly,1,1333
Ithemba,1,1333
Seva,1,1333
Sen,1,1333
Figgy,1,1333
Ethyl,1,1333
Gruff,1,1333
Shakedown,1,1333
Lizze,1,1333
Luxx,1,1333
Leoboldo,1,1333
Liza,1,1333
Kimchee,1,1333
Tagalong,1,1333
Popper,1,1333
Christina,1,1333
Remo,1,1333
Louisa,1,1333
Valentina,1,1333
Xiaochua,1,1333
Benjy,1,1333
Forest,1,1333
Jippy,1,1333
Punane,1,1333
Scissors,1,1333
Gisli,1,1333
Pokie,1,1333
Tyr,1,1333
Bingo lindauer-cohen,1,1333
Kaatya,1,1333
Darbie,1,1333
Gaby,1,1333
Dinsford,1,1333
Tucker alvord,1,1333
Rapha,1,1333
Lolo,1,1333
Zenyatta,1,1333
Major snake,1,1333
Catie,1,1333
Maudie,1,1333
Miss jean louise,1,1333
Little joe (jojo or joe ),1,1333
Peanut butter,1,1333
Babette,1,1333
Zdeno,1,1333
Kobey,1,1333
Gansett,1,1333
Tuco,1,1333
Lolly poppins,1,1333
D.j.,1,1333
Ellery,1,1333
Starla marie,1,1333
Baltas,1,1333
Belmont,1,1333
Manon,1,1333
Minot,1,1333
Mosby,1,1333
Finbar,1,1333
Sammy ballester,1,1333
Ana luzia,1,1333
Tammi,1,1333
Goma,1,1333
Maxima,1,1333
Buggs,1,1333
Tash,1,1333
Circe,1,1333
Jesse jo,1,1333
Krinkle,1,1333
Shemish molly,1,1333
Chingo,1,1333
Fiona goebel,1,1333
Corbet,1,1333
Guthrey,1,1333
Sammy bartsch,1,1333
Toaster,1,1333
Muddy,1,1333
Alvin,1,1333
Zsu zsa,1,1333
Bella benson,1,1333
Bagel,1,1333
Hamza,1,1333
Fozzie,1,1333
Haddie,1,1333
Anita,1,1333
Carmelo,1,1333
Maysie,1,1333
Squigee,1,1333
Elfie,1,1333
Shuba,1,1333
Akuma,1,1333
Jacko,1,1333
Cortez,1,1333
Madra,1,1333
Hemingway,1,1333
Razzie,1,1333
Lina,1,1333
Carino,1,1333
Emmit,1,1333
Sani,1,1333
Bayou,1,1333
Rozzie,1,1333
Azure,1,1333
Loa,1,1333
Chui,1,1333
Stone,1,1333
Glitch,1,1333
Bailey hogan,1,1333
Livvie,1,1333
Richard,1,1333
Oengus,1,1333
Hattie,1,1333
Case,1,1333
Nubia,1,1333
Eartha,1,1333
Nishoko,1,1333
Kujira,1,1333
Feba,1,1333
Soleil,1,1333
Tobermory,1,1333
Golda,1,1333
Xevious,1,1333
Levon,1,1333
Reign of terror,1,1333
Archibald,1,1333
Nick,1,1333
Leroi,1,1333
Eliza,1,1333
Blonkie,1,1333
Foo man chew,1,1333
Prouty,1,1333
Wicklow,1,1333
Nook,1,1333
Bouncer,1,1333
Ellie sue,1,1333
Mostra,1,1333
Bib,1,1333
Ella luna,1,1333
Lolita,1,1333
Putney,1,1333
Bootsy,1,1333
Azulita,1,1333
Marina,1,1333
Chula,1,1333
Earl grey,1,1333
Leonardo raser,1,1333
Enzo lee,1,1333
Salu,1,1333
Zebedee,1,1333
Gobi,1,1333
Jingle bella,1,1333
Griffy,1,1333
Cochiti,1,1333
Bone,1,1333
Taigh,1,1333
Burbuja,1,1333
Mazzy,1,1333
Ray ray,1,1333
Mikkey,1,1333
Marushka,1,1333
Viviana,1,1333
Pink,1,1333
Copernicus,1,1333
Barnum,1,1333
Peanuckle,1,1333
Trotsky,1,1333
Bracket,1,1333
Pike,1,1333
Usagi,1,1333
Monroe,1,1333
Tuffie,1,1333
Merritt,1,1333
Liv,1,1333
Mame,1,1333
Toni,1,1333
Aloo,1,1333
Duval,1,1333
Clemetine,1,1333
Rhino,1,1333
Itchy,1,1333
Alo,1,1333
Zina,1,1333
Lollie,1,1333
Rocky ransom,1,1333
Hubert peters,1,1333
T rex,1,1333
Trace,1,1333
Moxon,1,1333
Farah,1,1333
Joel,1,1333
Dits,1,1333
Westie,1,1333
Nas,1,1333
Benzoe,1,1333
Marlo,1,1333
Godot,1,1333
Esmeralda,1,1333
Samuel l. jackson,1,1333
Tomi,1,1333
Dita wozniak,1,1333
Rhylee,1,1333
Habanero,1,1333
Astro kozberg,1,1333
Clinton,1,1333
Cammi,1,1333
Poet,1,1333
Romy,1,1333
Peadar,1,1333
